id," ""tweet""",class
746007323479576576,عاجل | مصادر عراقية: 20 قتيلا بينهم قائد للحشد العشائري في هجوم لتنظيم الدولة بالأنبار,1
569488484957855745,"RT @Iraq_now2: نحو٣٠٠عنصر من عصابات""حزب الله""اللبناني يتواجدون في #العراق لدعم العصابات الشيعية.
https://t.co/m6olU9lswP http://t.co/eqXa7UQzV1",1
664157183135870976,@DroopDelaCreme you knowwwwwww,1
561386715349536768,"@_AbDwd2 bro, I really wish twitter would delete retards like this rather than Dawlah supporters...Guy needs a bullet http://t.co/om2359dSB0",1
553368348361490432,"When a coconut gets asked if he supports ISIS looool
https://t.co/zO7ZfIgusH",1
560899998066675712,Ninova Vilayetinde Zekat mallarından olan Develerin toplanması.http://t.co/cEEVGREQ5K,1
718657625848721409,"🔖 قال #سيدي_رسول_الله ﷺ :

""أحب الأعمال إلى الله ﷻ
سرور تدخله على مسلم
أو تكشف عنه كربة
أو تقضي عنه دينا
أو تطرد عنه جوعا"".

#صباحيات 💙💚❤️",1
560727258563117056,"Kurds ""took"" kobane ,America flattened it through airstrikes and now it's all rubble good work Kurds LMAO.5 months of air strikes on land",1
711041920240324608,Vroom vroom vroom vroom vroom how the hell does a plane go in circles what's the noise ..... Bang boom! Fireworks! 🎉 https://t.co/Vrf4vgv279,1
712258627852230656,These two guys @destroythebook and @PHISHING29 are incredibly good and consistent.,1
710490156248264714,"@doaa63784383 هي الصورة الذهنية الايجابية التي ننظر الى الاحداث بها، في الحديث""عجبا لامر المؤمن ان امره كله له خير""
بهذه النفسية تفسر الامور",1
563073820362551296,"Powerful vid, who's the first speaker??

https://t.co/asu5yNbySH",1
712932811536211968,RT @azadaliCCM: The product of neocon lies arrested for inciting hatred https://t.co/8ySXmbGvW1 tbh likes of @HJS_Org r more culpable @5Pillarsuk @Majstar7,1
564443227844247552,"RT @SaudiMendas3: #السعودية_لا_تحارب_بشار
هل تعلم أن طائرات ال سعود وطائرات بشار تقصف نفس المدينة؟! #الرقة !!",1
553160290708094976,@sb3_1 @time_machine_1 كلهم متشابهون عين واحده باختلاف المسميات,1
712711148999675904,"@JejMdm @ah156m @CTUUD 
بلغوا وحفّرت حكومتهم بيدينها ورجلينها ودفعت الملايين لكن ما في يد العبد حيله (:",1
665165564122415105,"RT @anbaria_ansaria: ""@serrver_9: بسم الله ابدأ حسابي التاسع
ابواليمان الزرقاوي
توثيق الحساب الثامن https://t.co/qtfj2KvQ9C""
اكرمو أخونا جزاكم الله خيرا",1
564502237670830080,@polemicablog @mohammed142857 or if necessary to divorce,1
556160668639195136,@al_jozelhind1 @BintMath thanku for the screenshot. I just intended to piss off kuffaar thats all...:),1
553744523839700992,"Keep Tuhin, Mustakeem and Abu Nusaybah in your Ad'iyah, including all the other muslim prisoners, May Allaah hasten their release. Ameen",1
564323128818798593,"RT @uygaraktas: In Ramadi, two Sunnis,driving a car that had license plates from Saudi Arabia  were executed by shiite militants after being stopped at a CP",1
747155572819173376,@ahmedsaadir we have videos of shia slicing civilians like kebabs over fires. I call bullshit.,1
555203032976089088,RT @dralmnbt7: إصدار جديد أنصح بمشاهدته من إنتاج مجموعة الباحوثات نايف بن خالد التشبيحيه اسم المسلسل خوارج الغرب فرنسا !!!!!!!!!!!!! http://t.co/qM5dVNbntA,1
555403327207268352,@Areeeej1991 @hema_ana_99 @alinaad55 @shaybaali2 مزمز في حذاء المؤسس لحين انتهي من حديثي مع الارهابيين http://t.co/W8rGxb3skA,1
753761444546523136,They are all dog... https://t.co/fGp5l2IJ0N,1
555061416491626496,"RT @aslan6s: “@EbuAtilla: Şeyh Adnani HAFİZEHULLAH Duası 

https://t.co/i1Gr606Czy http://t.co/tiVmjbbFua”",1
709116314149847040,"RT @Longshot_Scott: Nearly 6,000 followers... You can do better than this. RT the ABOVE tweet!

I'll be disappointed in every single one of you who doesn't. 😘",1
665899071287070720,@_alifpasai12 jazak allah khayr,1
553265739227205632,Attack on Nubl & Zahraa is intensifying #Dua,1
710936847069872129,"إذا لاحت لهم سُوُد المنايـــا
تلقّوها أســـــوداً ناطحينـــا
وإن نهضوا فصوتهُمُ يدوّي
فتحسب أن صوتهـُمُا المنونـــا https://t.co/bKWYuy2DSQ",1
571056126592204801,"RT @sniper_shadow11: (خطبة امير المؤمنين الخليفة ابو بكر البغدادي)

 http://t.co/lj4RoH1iAc

#الحملة_العالمية_لنصرة_الدولة_الإسلامية http://t.co/vzaTbWz5Wo",1
734487727228518400,RT @a_yasil: @ansaryis3_4 اريد موقع ناشر اذا امكن,1
569480516581388289,"Free Lecture
Topic: FIQH of TAHARAH
T: 2-4pm UK
D: Today 22/2/15
Lecturer: @anjemchoudary
Paltalk: UK Dawah
Watch via:http://t.co/uWgrLOu9o8",1
666021616690724866,"#دولة_الخلافة 
#ولاية_الأنبار 
#صور_من_أرض_الخلافة 
إحدى محطات ضخ وتنقية مياه الشرب
https://t.co/IHEU0j4LWD https://t.co/EzjhBBXasM",1
554002228789665792,(اصلوها فاصبروا أو لا تصبروا سواء عليكم إنما تجزون ما كنتم تعملون) [الطور:16] http://t.co/0HGgn8t8f6,1
711923060669083648,"يقولون انجلدنا واحنا صغار .. والحمدلله أمورنا طيبة!
الحمدلله أنكم استطعتم تجاوز الآثار، ولكن كثير من الأطفال تعقدت حياتهم!
#جلد_العم_معيض",1
562207871874498560,RT @MT_SS1: 6 - بعض من تغريداتها http://t.co/v0BPN9pDpD,1
710812064185450496,"RT @vanishedakh: Des dons, des duaa, tout ce que vous pouvez... Puisse Allah soit satisfait de son âme. RT RT https://t.co/OwbtY9kheZ",1
712273078773010433,"RT @rouzya: ما زال في نظري اعتقاد الطفولة .. إنه ملاك
تقبله الله في زمرة الصالحين الصادقين وأكرمه بالفردوس الأعلى ❤ https://t.co/OKMobkmMZj",1
555954436594741248,"Zina is a capital punishment, if you're caught or confess the Punishment will be handed down. There is NO DIFFERENCE BETWEEN A MAN & A WOMEN",1
555077615988391936,"اللهم إني أعوذ بك من منكرات الأخلاق ، والأعمال والأهواء
http://t.co/bgfGbVYtbp",1
734420163970408448,RT @167_pasm: @AppleSUX @xSa3iidxx وهذا هو زوجك المصون https://t.co/LSKBAA3ERl,1
711888220854865920,"#وكالة_اعماق
#مريغل و #الطوقلي في ريف #حلب الشمالي بعد اعادة السيطرة عليهما من قبل الدولة
https://t.co/KHiBSxSe4j https://t.co/zV59hQLv33",1
666020314342686720,"RT @wafa_tnt3: اليوم مدينة #درنة شهدت اشتباكات عنيفة منذ الفجر
كان باعتقاد صحوات درنة أنهم سينهون المعركة ولكن أسآد دولتي كالعادة يسطرون الملاحم وهذا فضل >",1
745568595304906752,"@001_xeroxxxxxx @KhalidGhazali_1 true, that is what Allah says in quran. I get what you are saying akhi.",1
564189149822214144,RT @MassDeception1: http://t.co/Ziyc5OQLuZ,1
555165844003897347,RT @InviteToIslam: We will soon add a live chat feature on http://t.co/JW4g4kJhkY operated by the @eDialogueCenter team who have over 60 professional du'at,1
564527562400231424,"@bstock701 if the debt is written off - then no need to pay back. if no inheritors, then the khalifah will be guarantor for all debts",1
567949998597533696,Pls support and retweet @ElSomalee his previous account was suspended but Alhamdulilah he is back.,1
556388278837186560,السلام عليكم ورحمة الله http://t.co/ZVgFbAHJdZ,1
734524154179883009,"RT @MarkJournal_01: RT for support. Djazzakom Allah.

Regards,

Fjodor.",1
563213346863079425,"RT @ExposeFalsehood: @AbuAlbaraaSham above all, he's an actor  (like him); he was on Star Trek once.",1
561693761437433856,"RT @AbbsWinston: Zionism is NOT Judaism
#Respect http://t.co/lirm3mdOKN",1
571048607815741440,RT @as_1870: نحتاج فريق استخباراتي في تويتر يرصد أي عملية جمع وحصر لحسابات الأنصار :),1
607723554336047104,@_LaDy_GhUrAbA_  😨😨😨,1
665304611511664640,RT @BiladFransa: Le président @fhollande a annoncé la fermeture des frontières. #fusillades #Paris,1
564905950591844352,"RT @TraditionalJews: JERUSALEM: Protests on Kikar Shbbos after anti-Zionist students arrested 4 not showing up to Zionist IDF recruitment.
http://t.co/MeCWG9XCnM",1
553519435550826496,"#PT Now you know how possible it is to take their lands for Allah, and annex to caliphate. Remember, Turkey will fall with takbir alone.",1
554744914089877504,اللهم توفنى و انت راض عنى,1
555034011312345089,"@Haliisheikh @WWitness99 #IS has way more people with knowledge, they know if this is permissible or not.",1
561630795673395203,@takbirjihaadi http://t.co/EGLda4QY1B,1
709641698511560704,"#The_Islamic_Sate will now be a formidable force in #Syria, all groups-JN/Ahrar etc will be given ultimatum-
EITHER BE WITH US OR AGAINST US",1
734399143158898688,RT @turshanraja1: الجليل .... في فلسطين انها جنة الأرض https://t.co/q8xE01bZ7y,1
710670721416962049,"RT @1Ak187: ""An American Muslim is more beloved to me than an Arab Mushrik even if he came from the same mother.""

Abu Musab az Zarqawi",1
571853687691325441,"RT @ahmadmusajibril: Never miss Fajr:
 
Its 2 Fard grants u ALLAH'S protection
Its 2 Sunnah are better than this world & what's in it
Its Koran is ever witnessed",1
553551466557108226,"@archicivilians it is not only #JAN !
many other groups are taking share in this operation including #FSA groups .. stop this propaganda",1
553683443104890881,"غزوة #شارلي_ايبدو المباركة إضافةً لكونها ثأرت لحبيبنا المصطفي وشفت صدور الموحدين
كذلك هي فضحت بلاعمة السوء وكشفت كذب إدعاء حبهم لأشرف الخلق",1
666694659440275456,#Merkel exfiltre du stade,1
662683794521104385,@ImranGetu4 @Al_Amriki7954 #islamicstate #caliphate #cubs,1
562538512587956225,Ay Binti Kashmir (O! Daughter of Kashmir) WELL DRINK THE BLOOD OF INDIAN ARMY  http://t.co/DIEf9gGkHk,1
562726925509361664,"RT @katfqanoni203: من هو معاذ؟
طيارأردني
يعني مسلم؟
وش جابه للرقة؟
ينفذطلعات للتحالف
أي تحالف؟
الأمريكي العربي
يعني مرتد؟
وليش قتلوه؟
ياليييل ما اطولك....",1
555352651483717633,"RT @GenjuroKibagami: #WhoIsMuhammad
Inilah Nabi Muhammad صلى ا لله عليه وسلم menurut Tokoh-tokoh
http://t.co/3tnzjScIFK",1
561607866197364736,@Detectives_88 ترى ما خرب على الشعب الى المتجنسين ومهما صار يمدحون ويحبون ال سلول حتى لو وضع مراقص وخمور #حقيقه http://t.co/TAc53A7H8w,1
561861256806547456,"RT @sameeraalduheem: للتو خرجنا من زيارة #الشيخ_خالد_الراشد 
لا جديد عنده
#يارب بلغنا بقدرتك صبرا وثباتا وفرجا 
#من_أخبار_الشيخ_خالد_الراشد  
#خالد_الراشد",1
554881869440090113,@AbuAustral Al Haqq Media,1
556167384084783104,"They will give the benefit of the doubt to the apostate rulers.
But if they hear a plate break they will issue a fatwa to kill mujahideen",1
555725451323506688,AlAzm center : Message to the Crusader alliance | cybercaliphate: http://t.co/pvwdTmGCpX via @YouTube,1
607453053873065984,"@ismail_yasa 
الفال لجميع الدول العربية إن شاء الله تختار نوابها وحكوماتها، #تركيا سبقت المنطقة بمراحل.. اللهم وفقها لنهضة وتنمية وعدالة",1
554686258526838786,Jabhat Al Nusra | Qalmoun | In result to the security break down in Lebanon you will hear surprises in the fate of prisoners of war we hold.,1
713137340173139969,"RT @made0in0war: 1-حشد الجيش الصفوي عدد كبير من القوات لمعركة حمص مستفيدين من الهدنة مع الفصائل ,فقد تم سحب القوات من جبهات الفصائل في حلب,الساحل,دمشق و درعا",1
563398877655883776,@IbnNabih1 @ahmedshaheed97 !!!! http://t.co/rTUXSi7KvM,1
555054677549940737,http://t.co/y8hzEGiyWt,1
712410110321098752,"سبحان الذي نصر عبده واعزّ جنده 
وهزم الاحزاب وحده
#غزوة_بروكسل
#Brussels
#Bruxelles
#brusselsattack
#ISIS https://t.co/KDar20D3Zh",1
563104232887558144,"@hessammhamad @AbuMusaBinKh @Abuazzam13 @Abu_Baraa1 he is not muslim ! .
He loves his nationality more than Islam",1
663811716896137216,"#Save_AlAqsa: #Palestine:  IDF occupation forces shot and wounded at least 2,617 Palestinians in October 2015.... https://t.co/72AAWTEiEe",1
555439492484841473,@SuspendedAccts @Protocol_Shami @Colonel_Shami @IbnAmghar9 @y__dohak @Al_Jabali_4 @hazmansaar @Haqqqseeker @treecatapple @dewla__account,1
753776383948619777,"RT @Rita_Katz: According to reports, #Nice #France attacker (31) originally from #Tunisia",1
720033795080978432,RT @AdamHasakah17: https://t.co/wszfpgsPd5,1
571252975076708352,"http://t.co/xoaN8kWUvB 
usud al sharqiya killed IS mujahideen in deir az zour and say these are presents for SAA general issam zahredeen",1
555490741661626368,"#pt Mujahid:""Islam is a religion of peace,but its a religion of justice,whoever has assaulted us,then we assault 'em"" http://t.co/AvvqNPdncI",1
554575752742842368,RT @uygaraktas: Abbas poses in Paris while thousands of #Palestinians are threatened with death in #Syria http://t.co/sJfgngTOkl,1
555226667581730816,RT @JihadiA6: :) http://t.co/9Lhy1WWIp9,1
555679660991070208,@TheVictoryFront akh need 2 DM,1
664490965386686464,RT. Follow and Support. Jzk Brother and Sisters.  https://t.co/a56Mjuaz75,1
553573005251862528,@Dz_Bara_ah partagez partout,1
2839024889453596516.M,"# Shias, If #mutah is considered as marriage then urine becomes drinking water...
#SeedhiBaat
1 retweet 0 likes
Reply   Retweet  1   
Like  
More
 Azhar Imtiya",1
748029302206242818,"RT @Hebzjja: @Horouf_TnT_3 
 جزيت الجنه ...",1
666384874924822530,Subhana'Allaah I've never seen so many suspensions in one day. Support each other ☝,1
556504446793162752,"Wilayat #Kirkuk
DAWLA'S SNIPER http://t.co/Ur8DLNgAqU",1
712824396524728320,"#أخبار_الخلافة
#ولاية_الأنبار

جانب من عمل مركز الدعوة والمساجد - إقامة مسابقة لتعلم فن الخطابة في مدينة #هيت https://t.co/HpKBdmLnww",1
562602503477686272,"We haven't even reached a £1000 for our mother 😞 don't abandon her, please donate for the sake of Allaah. http://t.co/RgoioeTxnt",1
555503270203256832,@th3killingmoon @speaker1970 @NoosiMsooNs @lortkipanidzeme http://t.co/y3NUnxhtvt,1
666249259193393152,"📚 |•

•| مقالة جديدة

•| أرثِيكِي أُمتِي فـأُعـذِرينِـي

✏ | أسْألـ الله الشَهادة @qq0p9

https://t.co/PLAG0m1KXT https://t.co/rnvpx7cjMb",1
563544624698900481,RT @rashedha111: أحسن الله عزاءالمسلمين عامة وأهل اليمن خاصة في مقتل الشيخ حارث وأخلف الله الأميرالصابرالمحتسب الشيخ بصيرالوحيشي خيرا وإنالله وإناإليه راجعون,1
753350881366585344,"@alras_88 @Abou_djaafar هاذا كله رسمي و لم ينفيه اسيادك المرتدين، و ليست رسومات او فوطيشوبات للاطفال https://t.co/2VjqdWo79I",1
734705893795860480,"Shia militia regiment commander sent to hell in Fallujah.

Their graveyard. https://t.co/7VUOLr8Zws",1
564864753169076225,RT @macroarch: People were furious over this situation. They start with Tripoli and they don't bother to touch Dahyeih that is filled with Hezbollah 1/,1
664855750594985984,"RT @HadithAllDay: The Prophet ﷺ said: ""The best marriage is the easiest.”

{الصحيحة ١٨٤٢}",1
810958451832737793,سابقين السفير الروسي لإستقباله فيما يستحقه ويستحقونه… https://t.co/HGE3fjg1Sw,1
553273031242440704,"صورة رائعة لشاب يتوضأ في باحات الأقصى رغم برودة الطقس
 #العاصفة_الثلجية_هدى http://t.co/r1i6syEQkO
عبر @mnaw7 
رباط رغم شدة الاحتلال والجو!",1
734647403924598784,"RT @ano___ans777: عشرات الأسعافات الأضافية تهرع من مناطق بغداد ألى الكرمة بأذن الله مجازر تشفي قلوبكم 
#كلنا_ام_المساجد",1
665906570472103936,RT @Al_Annabii: Poutine va envoyer 150 000 soldats russes en Syrie !!! https://t.co/e2BKDh1FUT,1
561588076669980673,"RT @abo_hafss_3: المكتب اﻹعﻻمي | #ولاية_نينوى
إصدار مرئي :
رسائل من أرض الرباط 1

https://t.co/20KOZje4YB

#الدولة_الإسلامية
http://t.co/pW5Em7A6xw",1
789825238900969472,"RT @ForestsOfCongo: #Iraq-i Army torturing kidnapped Muslim civilians who fled as refugees near #Mosul

https://t.co/BWkKUhXqcI",1
553591491483168768,@alwalawalbaraaa شهداء انشاء الله,1
561664786690105345,"@syrianalann 
فأي ردةِ بعد هذه!",1
666246069404229632,"دعم عااااااجل و صاااااااروخي
🚀🚀🚀🚀🚀🚀🚀🚀🚀🚀🚀🚀
للأخ الفاضل الباحث الأمني
⏬⏬⏬⏬⏬⏬⏬⏬⏬⏬⏬⏬
 https://t.co/8LgUCM4UwG",1
570977664191893505,RT @alheetari22: ما أحلى صور الجهاد والمجاهدين وهم يهدمون قبرا أو يقتلون مرتدا أو ينفذون حدا أو يبنون جسرا أو يصنعون سلاحا  أو يعلمون جاهلا,1
553600686928445440,"Troll kafirs: I block your Tweets without even reading. Now die in your rage even more!

#JeSuisKouachi",1
662522724800143360,"""And remember the Name of your Lord & devote urself to Him with a complete devotion""
Quran 73:8
#FreeMuslimPrisoners https://t.co/TBQdIn1pnP",1
744931649733926912,"🔻
#عاجل
#وكالة_أعماق

 مقاتلو الدولة الإسلامية يسيطرون على قرية خربة الروس قرب ناحية #أبو_قلقل جنوب #منبج بريف #حلب https://t.co/AYb2SkrgkP",1
561542697517735936,"RT @KUWTIYA: ارتفاع عدد مبيعات المصاحف في فرنسا بعد حادث #شارلي_ايبدو

سبحان الله يحاربونه فيزيد انتشاراً
. http://t.co/Dejk1q9CPo",1
662656345796182021,"We are Muslims, the beautiful title Allaah gave us to call ourselves. Alhamdulillāh",1
753344335681290240,"Si les Saoud s alliaient au Chaytane en personne ctre les moujahidines, tu verrais les talafs se ranger du côté des premiers. Pourritures !",1
569496934949335040,"RT @UlamaWitness: ""If one misses Salah for studies or simiar, he may fall into shirk of love (leaving worship for something else)!"" http://t.co/Bxy5fhoWis",1
554381620782718977,"Very impressive
fighters holding the fronts in #Lattakia despite the #HudaStorm
RT
http://t.co/3fUD48AWF7",1
665520249920462848,@JKhashoggi ليش ارهابيه ليش مافيكم انصاف العالم كله يضرب داعش الا تمكلك داعش حق الرد ما يكفي انكم تقصفونها تردون الا ترد بعد هزلت والله,1
734467878464983044,"#كلنا_ام_المساجد
الى علماء الحيض نقول 
عندما يتكلم اهل الثغور يصمت اهل الجحور",1
562883622064377856,"@zabihmujahid @najmudi Americans will say ""it crashed due to technical issues"" like always ,YH sure.",1
668247946429898753,"@IHWCo Let them hang in on their tree, its the least they got after all their leaders left to join the Islamic State.",1
571882722483826690,@miramaurice http://t.co/y3flOG3hZW http://t.co/e7rsQuiDks http://t.co/ZXZkPFEUCn http://t.co/WGj18w2daQ http://t.co/VU1v8dxPi8,1
569581520589099011,"Ok so shabab calls for attacks on oxford st, #London all Muslims should be careful and avoid it the area.  A warning has been issued",1
665834045209780224,@meh38Za Jazak ALLAH khair sister May Allah bless you💙,1
554547398312071168,RT @BelovedAiysha: @dawla___account my heart flutters and my eyes tear up 2see a country gathered in thousands 2defend our BelovedMuhammad ﷺ❤️,1
666124291646341120,"RT @abdullahaltapa: Disaat yg dbantai itu muslim kalian diam, disaat yg mati itu kafir kalian mengonggong. Bukankah kalian muslim, muslim itu satu tubuh.",1
663712085075996672,@SultanMarshad انا انشر الشر ؟؟,1
562168444490354688,@anglo_klaxon these guys are so tough the half kill themselves to show there serious,1
565247604234416128,RT @S0ldier__: #true http://t.co/GyfdEuMpCd,1
567406362007961601,Pls follow are spread our brother's new account @khilafah_news__,1
564372250040627201,"4.Sahabeler, Mute savaşında yara almış ve hudeybiye sulhu ile geri çekilmişlerdi.Allah, Kuran da bunun apaçık Fetih olduğunu söylemiştir.",1
555026498420473857,RT @XHNews: Chinese military doctors leave Beijing for Sierra Leone to help the West African nation fight Ebola http://t.co/63Wratoafu,1
666710456002674688,RT @NetworkTawheed: #TawheedNetwork https://t.co/Or2PCPL2jl,1
734117589312544768,@XboxAbu @janatulnaeem222 هو شكله ما يعرف عربي بس قاعد يهايط وسوي نفسه فاهم 😭😂,1
711716406820270080,"#وكالة_أعماق
مقاتلو الدولة الإسلامية يستعيدون السيطرة على قريتي #مريغل و #الطوقلي في ريف حلب الشمالي وسقوط 15 قتيلا وجريحا من فصائل المعارضة",1
553290208951934976,@_AK_47_S @Salah_ad_Din1 loool sis peak,1
562617431630565378,"RT @sheikh_fulaani: Bismillah...

The 7th account. Previously known as fulaan_akh / FulaanBro / Sheikh Fulaan. More details will be put later.",1
712404500582039552,RT @AliIdris87a: @Raqqa_SL #Amaaq reports he's sound and alive. https://t.co/nxb8IpS06E,1
810649453480779777,@itsayshaxo @IkramH28 nokali what kind of bengali dont like tea,1
712641278391922688,"RT @syamilaJASMlN: Amaliyat istisyhad memukul sentralisasi kekuatan rezim Suriah di kawasan industri Deir al-Zour
Allahuakbar!! https://t.co/fBUf7insvm",1
554066869276401665,(فكذبوه فأخذهم عذاب يوم الظلة إنه كان عذاب يوم عظيم) [الشعراء:189] http://t.co/0HGgn8t8f6,1
734733730410008576,"#İslamDevleti 
#HilafetTR 
#HorasanVilayeti 

Zübeyr Bin Avvam -Radiyallahuanhu- Bölüğünden Görüntüler https://t.co/yvsTTtXAzn",1
667365746410921984,@AbdugheniSabit @SaqrQaiid did daesh execute them officially?,1
554428682836905985,RT @Elverojaguar: http://t.co/auWDgIlEtd,1
734414308256456704,"RT @FajrAliraq_News: أهالي قضاء ابو غريب يرصدون اليات عسكرية عليها رايات وكتابات فارسية متجهة الى #الفلوجة.
#مليشيات_إيران_تتوعد_الفلوجة https://t.co/mvK28YFCFn",1
571097303844397056,"إصدارات #الدولة_الإسلامية يحتوي على التقارير المصورة والمرئية والبيانات ويتم تحديث الإصدارات ..

http://t.co/BFLXTKHfBb",1
710805100202205185,Cennet bir düğme kadar yakın mücahitlere https://t.co/iL2DIBKMUQ,1
555219813539127296,"RT @wahwp1400: @yaseen_fifa @terrorist0011 @YazidBinMuaoiah 
أعراض المسلمات من مخيمات اللاجئين تباع في لبنان
ويسألوننا لماذا الذبح http://t.co/Tw9yOOMvAV",1
555828384794955779,"RT @khuraasani313: #Assad lieut. Alaa Barody published pics of him self burning a 4 years #SyrianChild yeah I know, who cares right! http://t.co/Xyc4igoWvU",1
563223180467122176,@abuzubeyr911 Ameen and you too akhil habeeb,1
753349478686621696,"@alras_88 @Abou_djaafar اما ان تاتي بدليل واضح او سيتم حظرك
امامك 10 دق https://t.co/72ZDpsHFkX",1
553616686151380992,RT @AFP: #BREAKING Armed robber takes two hostage at jewellery store in southern French city,1
554729473070096384,آخر مرة قرأت القرآن ! متى كانت ؟   http://t.co/8N66wh5yFH,1
561632058556964864,@saad_9141 @oamaz7 @AlOdailH @Ayman77Ahlawi77 هاذا الي نبيكم تفهمونه,1
794852387349528576,@rakan130 @JAZAlR يعني كربلاء مدينة من مدن اهل السنة والجماعة؟ طب ليش تريد من داعش تفجر فيها اذا هيك! 😂,1
720338001499398144,..may Allah look after you. 😔,1
568786395055202305,@aboxatab86 assalaam alaikum bray barez atwani followm bkay inshaallah,1
712966713466351616,"They were just used as scapegoats, but alhamdulilah their ordeal is finally over.  https://t.co/FU0lB3YjjB",1
664946317827956738,RT @Kamrul_Islam123: 💭💭 https://t.co/Ic5m4M5QvF,1
562883698966937600,How do people really forget that Rasululilah Sallallahu Alayhi Wasallam fought in 27 battles & only made Hajj once :/,1
562382143587115011,RT @alnusra_alfa: @16takarier ينفقون أموالهم ليصدوا عن سبيل الله فسينفقونها ثم تكون عليهم حسرة,1
561234394346958848,Please read what it says in the link. Wallah it's so deep 😞 donate for the sake of Allaah,1
565415718846726144,"RT @MOALIMUU: Alshabab attacked several military bases outside Barawe town including Ambresa, Maringubay villages.Maringubay chairman is killed.#Somalia",1
561677938488541184,RT @Ramiroo19: How sinful are the youth that speak kindly to their friends yet rudely to their beloved mothers.,1
666461310071140352,"RT @baqiya80: SHOUTOUT PLEASE SUPPORT
Abu Muhajir
@abu_muhajir7
Abu Muhajir
@abu_muhajir7 https://t.co/Uj4UE9BZ3j",1
571794198933983232,"RT @AliAlfarsiii: Only on the streets of khilafah

Nearly 2am this shop had all their items outside, while having no1 to look after it. http://t.co/djyMaKwmZQ",1
554713883840364544,It is plain to see those who do not rule & judge by the laws of Allah spread corruption & oppress the people !,1
665543296744222721,"@Magribiyyah in een woord ""verwerkelijkt"". Dus ""Dit fundament wordt enkel verwerkelijkt door het verlaten van het polytheïsme""",1
562053119798812673,"اتهمتونا بانا اتباع الزوابري وإنا نعُيد التجربة الجزائرية في الساحة الشامية
وإذا بمفتي الزوابري""ابي قتادة"" هوة مفتيكم!",1
811377799881785353,@Akeebomb i will in a jiffy,1
712198239265677312,"RT @oobaida_aao: عاجل | 

وكالة الأنباء البلجيكية : انفجارات في محطتي شومان ومالبيك لمترو الأنفاق في #بروكسل",1
554335685445173248,Kufar & munafiq leaders come together over #CharlieHebdo to grieve nvm the Palestine massacre just so shows you no1 cares for Muslim blood!,1
554067796318232576,RT @Umm_Anaas: This is so beautiful http://t.co/9ZdhIk1dcr,1
665835522368151552,"RT @Jazrawi_Oooud: Islamic state 
Jordan
Huge funeral of colonel Anwar abu zayd who killed US dogs in Jordan
: https://t.co/dCIuuiTFs7 https://t.co/fcMtwO09IP",1
710792246250119169,"📢📢
⬇⬇

. https://t.co/kunCaMJsua",1
564115865507868672,"RT @SmwAlfekr: تضيق علينادنيانابهمومهاوآلامهافنذهب لفلان وعلان علّنانجد عنده مايخفف أوجاعناونغفل عن:
(أمّن يجيب المضطر إذادعاه)
#بوح http://t.co/eFe1updjzs",1
-5579706819308160697.M,"“And if anyone of the Mushrikun seeks your protection then grant him protection, so that he may hear the Word of Allah.",1
554355460061822976,RT @DawahAk1: #JeSuisMuslim http://t.co/3O7Rds1gzq,1
742238153428197376,"RT @Be_Like_Bilal: 50+ Muslims died today in Idlib
50+ Gays died today in USA

Dollar scholars like mufti menk only care about one group of people.",1
563364813427183616,@AbuIyaadSP interesting - considering that I have never been a member of Hizb ut Tahrir in my life.,1
553825962505543681,"RT @RudwawEnglish: CORRECTION: 
We erroneously reported a news that turned out to be genuine last week. 
This is not part of RUDAW editorial policy. 
Sorry.",1
561249150004518912,@TmKlash لهيب الحرب ولا مقارنه احدث نقله نوعيه حتى اصبح حديث الغرب والشرق .. عمل بذل فيه جهد عظيم من اجله !!,1
663120245847105536,RT @TawheedNetwrk: I remember those beautiful brothers in Belmarsh prison maintaining a constant smile even though their world was crumbling in front of them,1
569475638035406849,"The West has been plundering our wealth for centuries. Now 
is the time for payback.",1
665661149870977025,RT @UmmUmarah2: https://t.co/49N8BNYHwj,1
563565879456063488,Follow my beloved brother @striv5r,1
666207435837669376,"RT @abbasalbejawi: #Shia heretic tells the turh with out Taqiya that al-Baghdadi is doing the same thing Abu Bakr al-Siddiq did 

https://t.co/YTDn6eKHti",1
571742702561329153,RT @gharibakhadija: http://t.co/kkvqtkRYqh,1
556064397567614976,"BREAKING UPDATE: AFP photographer shot at Pakistan #CharlieHebdo protest, in serious condition. http://t.co/kPxzvmRQka",1
667028125411356672,@MaghrebiWTNSS @AbuIzzadeen2 bruv stop wid the b***h talk where the sdf il kill them right now. If your not here keep it shut.,1
665868057840062464,"RT @kayadamVF: STOP SPREADING THIS PIC, IM FED UP OF SEEING THIS FAKE PIC CLAIMING TO BE ONE OF OUR MARTYRED FROM THE #ParisAttacks https://t.co/5CrKozsgxf",1
606906185548066816,"The regime air force strikes west of Rif Dimashq and the Eastern Ghouta, while 10 fighters killed i... http://t.co/cZG7P1GfmN #Terrorism",0
562372873784795136,RT @AzalCrow: @cptabdulsatar @lawen9991 We support the Peshmerga all the way to victory!,0
719465847283179521,RT @kenanmalik: Would be interesting to check what percentage of British Muslims live in areas of more than 20% concentration. https://t.co/YX5V8MCLPx,0
712547964120670208,"België is allemaal ons land,ook al raken ze ons in het hart,we zullen niet toegeven aan deze laffe barbaren,samen zijn wij de mensheid.",0
733194820081061888,"Syrian man on violence at Chios hotspot: ""When we asked the police 4 help, they disappeared” https://t.co/Nid7y82nlA https://t.co/7gztFVjNdY",0
793120237965246468,"RT @PoliticsPeach: Obama readjusted Malaysia's Human Rights Violations 2 move thru #TPP, where are FEMINISTS? https://t.co/W4FYmtX7Lo… https://t.co/Npfb1uhJvi",0
719979557642702848,"@merlijn4 3500€ 
Check website voor details aub",0
789936098675916801,@iedfan Can you explain please?,0
732146180499615744,"@lisafleisher which definition of basic? Basic as in ""basic b's""? or basic as in simple?",0
561527209509146625,U.S. reports 27 more strikes against Islamic State http://t.co/VQwM5bBij7 #CPVTS,0
731383354088521728,Hezbollah says 'takfiri groups' behind commander's death in Syria: Al Manar TV https://t.co/WvpqoaSw1E #CPVTS,0
794411376429056001,"اختتام النسخة 11 من معرض ""ميليبول"" الدولي لأنظمة الأمن الداخلي في #الدوحة بمشاركة أكثر من 230 شركة قدمت حلولا أمنية… https://t.co/F8xzyhhK2f",0
794099718523588608,"@EA_WorldView Well, some say they were civilians.",0
663939507159326720,"14 Facts and Secrets about #islam that Everyone must know..
Click on the Link Below to read more..
https://t.co/teOOwpZr4C",0
720257936300326912,RT @qaiserthethia: Shame on you Nawaz Sharif #BhaagNawazBhaag,0
561693779833651200,@BenDohertyCorro thought you might want to know-rumors of Peter Greste's release come from these tweets http://t.co/BML4kGfrJT,0
665336431749939201,"@kdidddddkdkdk1 If I could change what my gov't does I would, that I promise.",0
563394973643464705,@abuhani_2014 @MuwMedia Try to understand that all sincere scholars who are supporters of Jihad and Mujahideen stood against them.,0
562988318976385025,"RT @MKellerdal: @Loukas_RS @DilbaKurd I've said it before: if the #Kurds in #Kobane were Westerners, the Hollywood Movie would already be a blockbuster.",0
717396526566412289,"#ISIS assassinates Colonel Kitab Majid al-Hammadi, director of Quwayiyyah General Investigation Directorate, #Riyadh https://t.co/j4YQ6LyyaT",0
794960197080981505,RT @CurldPhilosophr: De racist/seksist die zichzelf geen racist/seksist vindt; één grote desillusie. https://t.co/f5m9RyEAZu,0
733740342789459968,"وَمَا لَنَا لَا نُؤْمِنُ بِاللَّهِ وَمَا جَاءَنَا مِنَ الْحَقِّ وَنَطْمَعُ أَن يُدْخِلَنَا رَبُّنَا مَعَ الْقَوْمِ الصَّالِحِينَ
#Quran 5:84",0
794106491695468544,@Malcolmite Dutch troll. Trolling is online most favourite activity in my country.,0
792415946430418944,BREAKING: 2 VBIED attacks near al-Shura Destroyed 9 Army Vehicles near the Town. #Mosul,0
793430600141115393,@maxjrosenthal don't you mean NEEIIIIINNNNNNNN,0
718776158360367105,"RT @Talalzalnaqi: ونلاحظ كذلك انه إنتقد بكل أدب ومن غير مايرفع صوته ☺
عمره 10سنوات أسهل شي عنده انه يرفع صوته ويقل أدبه...
#الفرق_شاسع https://t.co/vpsWKcWGer",0
664118225760878592,@YoungRegista lol you gettin old man i got years on you fam,0
718679324732362752,"وزير الاسكان

استقال ولا بعد؟",0
712659547085750273,Seattle Man Refuses To Come Down From 80ft Tree https://t.co/ryx76RfMtV,0
795027245551198209,"@MMASOCCERFAN He appointed 3 justices out of  the 9, HRC picks an anti choice running mate and you trust her w/ SCOTUS?",0
718665074802626561,RT @GerrySimpsonHRW: UNICEF worried deportation-obsessed Greece may breach rights of detained asylum seeker kids https://t.co/5rSP25wMQL https://t.co/elbp0zLCaT,0
794500721643323396,مصدر أمني مصري: جرحى في انفجار سيارة مفخخة شرقي القاهرة  https://t.co/b09VZqnYIm,0
719096521946439680,"RT @mohamedelratian: بعض الأشياء.. اقترابك منها يجعلك تراها بوضوح.
وبعض الأشياء.. ابتعد عنها لكي تراها بشكل أوضح",0
561274273046601728,"يارب نصرك. 

#نينوى",0
711938306251087872,Is this the solution to the #FlintWaterCrisis? Here's the Governor of Michigan's plan https://t.co/jJ3aTHgjbC https://t.co/I8E0dHToDU,0
666034556600995840,"""Pour Allah on veut mourir.""
#Isis video release by a media member;
Assembly of the #ParisAttacks & more threats. https://t.co/GIpmLM6Ez3",0
720043147057893376,ارفعلك القبعه على هذا الاختيار https://t.co/Fi5okQTgjp,0
663068871650369539,"RT @AnonCopWatchTur: Civil Defense wearing #Anonymous mask, ready 2 protect baby's from fascist #cops bullets in Kurdish #Silvan #Turkey https://t.co/4pTysaJwTU",0
563366456511823873,U.N. plan for local ceasefires in Syria 'frozen': diplomats http://t.co/sWQMeyT6zw #CPVTS,0
733733761272184833,العبادي يزور العمليات المشتركة بعد اقتحام المنطقة الخضراء https://t.co/LnuEjyCnaU via @rudaw_arabic,0
711812783193636864,"RT @jasminechic1: #PARIS ATTACKS: ARREST OF SALAH ABDESLAM DOES NOT REDUCE #IS THREAT #Belgium
https://t.co/wwyXio7ZCC https://t.co/vvH4H1dgeG",0
562970136874082304,Who is the judge in charge of Ibrahim Halawa's case (493 defendants from Fateh mosque siege) #Egypt,0
710778940437168129,https://t.co/4ZNAhuL27k,0
562216974776676352,"ذِبوها العُگُل خلوها للنسوان 

#.",0
719752986315091968,Dode bij aanslag op legerbasis Turkije https://t.co/OPyOmR0u0j,0
562988344196734976,"Peshmerga ministry: Around 3.000 ISIS Terrorists have been killed by Kurdish Peshmerga Soldiers
> http://t.co/yZBKDpBAEX",0
717714675186679809,RT @ReutersWorld: Amnesty International says global executions hit 25-year high. Watch full video: https://t.co/QsyLd9aYKz https://t.co/HyN8aRvKxw,0
561901452717608960,.2/ #JAN claims attack says #Saudi suicide bomber Abu Izz al-Ansari did it. Al Manar TV says it was explosive device. http://t.co/gqhdT59KMk,0
718395927883595776,https://t.co/0gKHqGHn8q,0
561073645355671552,The Week in Pictures http://t.co/Yi46Ppz4Ty #CPVTS,0
560633792520785920,RT @Stonewall_77: #ISIS Closing on Israel From North and South. Pls Retweet #2A #Veterans #Israel #tcot #tgdn # http://t.co/AUrJBBHB7m… http://t.co/6WuYO8RddQ,0
732224390327336960,"#Chile's Radical Students Clash with Riot Police

https://t.co/qonNlRpTAn https://t.co/euwFT5pJiN",0
718966905881497600,RT @DRovera: #CalaisJungle desperate #children #refugees wait to be reunited with their families https://t.co/tGS8wrUiNs #Syria https://t.co/hQu4BqnFV6,0
712367438977847296,https://t.co/UGmuZBfIG7,0
665208384514314240,"RT @DuncanGardham: Rashid, who had learning difficulties at school, was groomed by a group from a local mosque & persuaded to use his £1,600 loan to fund trip",0
732657891551903744,"قراصنة يخترقون ""موقعا متخصصا في القرصنة"" https://t.co/0IZChfUNo9",0
718385475141177345,"#ISIS: Destroying Car of Nusayri Army+Killing Those Inside with Guided Missile Near #Palmyra
Wilayat #Hims, #Syria https://t.co/ofvldaLgCQ",0
733179908898324480,RT @HughAWilliamson: Bad news from #Kazakhstan; people jailed for planning land reform protests. Lots of bad press 4 #Astana on this @HRW https://t.co/hH25KQNBfD,0
733025075985842178,"RT @nawaryn_: ""نحن في سباق مع الزمن
                إما أن نقتل التخلف...
                           وإما أن يقتلنا التاريخ""
#غازي_القصيبي",0
734389346158120960,Wie gaat er zeker Anderlecht verlaten is dat al officieel bekend gemaakt ? #dtv  #andzwa,0
562671791781732353,RT @esamym: .@HalaJaber @SkyNewsArabia_B مصادر أردنية لسكاي نيوز عربية : إعدام ساجدة الريشاوي وزياد الكربولي و4 مدانين آخرين في جرائم إرهابية خلال ساعات,0
711452911751004160,TV cameras are set to be allowed in Crown Courts for the first time under a new scheme https://t.co/DrX3Jmcn7Z https://t.co/15kUqovjog,0
711461814530347008,"Pensions Minister hits out at Iain Duncan Smith, questioning his motives for quitting https://t.co/VKvPvQW8eb https://t.co/cITIES6UHc",0
712200270189563904,Images have emerged of the explosion at #Maalbeek metro station in #Brussels https://t.co/VpfuULhiMH,0
562022406798061568,"ندعوا ﷲ أشياء كثيرة، أشياء نظن أنّ سعادتنا تقف عندها.. لأننا نرى ظاهرها، ويحرمنا منها.. لأنّه يرى باطنها!
ولا يكتب لنا إلا ما يراه خيرٌ لنا💚",0
733440300966944768,@LunaPrey @Raymosaki Luna Prey you are not welcome in my page and insulted my Brave Hero stupid of you,0
710503472219578372,European cities join hands to stay afloat in migrant crisis https://t.co/8SjPp872b7 #CPVTS,0
711627410157015042,Truell In Bid Approach For Invoicer Tungsten https://t.co/kevkiStm9M,0
718805307737186308,Kidnapped Ex-Italian Missionary Freed in #Philippines https://t.co/idqPyV8dgw https://t.co/ej0gFfZcJA,0
605802460418969601,@Mqren20 تجهز للجاي ﷲ يجيرنا واحبتنا من حرها دنيا و اخره قل امين,0
571013099412529153,@Hictar1 هو ده اللي باخد منو,0
794629726136651776,@BeyondTheLevant *thus not this,0
794446268399554564,RT @AishaAfridiPTI: #PATattacksIKtoSaveNawaz  PAT workers are the best workers in the world but their leadership? https://t.co/QaBDIUmdZP,0
793794449822380032,RT @ahlalshami: 6 regime SAA soldiers defected from New Aleppo to Ahrar Al-Sham at morning.,0
665877311594582016,"RT @BrigadierPoez: Medeleven tonen met Franse vlag op Fb en dan dit soort shit schrijven. Really? Dont pray for Paris, pray for brains. https://t.co/kYSnyXegTU",0
561900677644169218,RT @DaliaHatuqa: Sigh of relief now that Peter Greste is out. But let's not forget about Fahmy and Baher. #FreeAJStaff,0
731824020174278656,"#IslamicState group recruiter detained in #Russia’s #Ingushetia

https://t.co/UX8Txraym5 https://t.co/ZjvhtyNzoS",0
712330893826899969,33. Also Belgian police have confirmed the 3 men below are suspects and are asking public's help to ID man with hat https://t.co/eVvfKpVLon,0
719889416488153088,"Drie nieuwe verdachten aanslagen #Parijs opgepakt in #Ukkel  

https://t.co/xcJYcgze8l",0
793829897340792832,There is no better support than good counsel ~ Imam Ali (as),0
606157403495796736,"Amazing after years of hard hard work, @Cimatheque is finished & launching today in downtown http://t.co/NbBmE1doX2 http://t.co/YOw4z9iauA",0
571249708238315520,"the agony of grief, and if it were not for this, the world would never again thrive ~ Imam Sadiq (as) 2/2",0
730409399081009153,"#Lebanon's citizenship laws mean nearly 80,000 people estimated to be stateless in the country—not counting refugees https://t.co/FTcvW5bctK",0
733946382826999808,مجموعة السبع تتفق على دعم مكافحة تمويل الإرهاب الدولي https://t.co/t2G0FAomFr,0
665656731452776449,@ExMiliMed1 I just reminded myself tt #Isis & other fanatics also have same views about those who don't conform 2them.. Both sides are ugly.,0
720334151551946752,Barca gaat nog scoren 1-2 #AtletiBarca #ATMFCB #ATMBAR #atlbar,0
571033092531613696,@CanelaNisa @RobotNickk Some originals moved for safety to  #Baghdad museum...,0
560894746915123200,ﷲ يجعلها فاتحة خير على الوطن والشعب 😊❤️,0
562728953572765698,"RT @ColeBockenfeld: ""While Western Journalists Finally Walk Free, Egyptians Are Left to Rot"" by @Beltrew http://t.co/k8Hx1v1BTI via @thedailybeast",0
720266893236576256,RT @DanieleRaineri: The network of the Islamic State in Europe is quietly sitting since months in an electronic archive stored somewhere https://t.co/qdSLAoHgfS,0
562570646778286080,"RT @davidbyers26: Clearly, UKIP's @DouglasCarswell has a fantastic range of interests. http://t.co/UpVaBzlNqs",0
733274470706753537,RT @KyleWOrton: Very detailed (and entertaining!) speech on the Belgian Jihadi-Salafist scene by @p_vanostaeyen at @NATO_SPS.,0
734418044097822720,"@kruimel9 soms vraag ik me af hebben we echt niets geleerd,gaan we zo met elkaar om,is liefde opeens slecht.liefde voor je medemens.",0
794529156822429697,"Turkish Army Discovered a 400m long #PKK Terrortunnel from Northern #Syria, #Qamishlo to #Turkey. https://t.co/bHteG4eHIm",0
665629665634054144,"The Islamic State claims the Paris attacks – November, 13, 2015 https://t.co/C7AeyKmOyK https://t.co/lr7hv0U5Yb",0
733623516038344708,Luchtverkeersleiders onderbemand: 'Vanavond vertragingen van ruim een uur verwacht' (weeral?) https://t.co/9beRum9Cm7,0
607597931395432448,@SarahNazH 78,0
734074823953940481,Syria army commander 'poses next to dead bodies' https://t.co/bdmoL175df #CPVTS https://t.co/fYabHYaGsr,0
710560697051119616,"اسعار النفط تتجاوز 41 دولارا بدعم من اجتماع المنتجين وهبوط الدولار
https://t.co/l3nUX7GG5k https://t.co/UNsmHa9AzI",0
711812479811231745,RT @jasminechic1: #IS photo report claims to show fighting againts Tripoli Government fighters at #Derna https://t.co/sxSGR5B4hv,0
734492035139395584,"RT @AlraiMediaGroup: ضابط المباحث المرتشي...  بمواجهة الضابط اعترف بجرمه مدعياً أن ما أخذه من رجل الأعمال «قرض حسن»
https://t.co/nFqZQzNf37",0
563363232589438976,"@abuhani_2014 @MuwMedia Extremist #Khawarij were happy, Moderate #Khawarij hold another opinion. Still all of them #Khawarij.",0
565020277646430208,"#Daesh will definitely call him a Murtad for saying all these, but Alhus sunnah will not make takfeer of him unless something is apparent /9",0
733241781249265664,RT @OzKaterji: Dying GOP Senator Apologizes to Muslims for Donald Trump https://t.co/vMWBImcrbI via @thedailybeast,0
732984888941514752,RT @melissarfleming: Fascinating study: Refugees will repay EU spending almost twice in 5 years - @TentFoundation https://t.co/cneGzSnxLd https://t.co/dF3mBt3TYG,0
665300501068673028,"Obliviously, that could be wrong. Let's be clear, I have no special insight but definitely trust my guy who told me this. #PT",0
710182093196754945,RT @omgAdamSaleh: Some people keep their feelings to themselves because they believe its hard for others to understand their pain,0
570935956959854592,@KurdishPhoto1 V. @salar_dd,0
570544291472240640,"7:34|
{And for every nation is a [specified]term.So when their time has come,they will not remain behind an hour,nor will they precede [it]}",0
664868896797798404,RT @RudawEnglish: #IS has left 100 corpses & tens of their military vehicles in #Sinjar operations today. 75% of the assault was successful. #FreeSinjar,0
562525172465664001,I'll take this moment to emphasise retweets do not equal endorsements #PT,0
793643817966665728,"#ما_وراء_الخبر | ما خيارات الحكومة اليمنية والتحالف إزاء الخطة الأممية؟
الحلقة كاملة: https://t.co/VLLQKbmkKC https://t.co/hjpkL1YYvG",0
719568275319955456,"@TomTheRed64 @WomenSayNo2UKIP @Pannie321 no, not if all there are consenting. It's rude to smoke if you aren't welcome to. Shldnt b illegal",0
709776715380236288,Syria: The Reckoning https://t.co/4HxUmdxpHi #CPVTS https://t.co/FVcX3IWmM5,0
719771066369847296,Afghan Taliban announce spring offensive https://t.co/hcN0KWpnrC #CPVTS,0
795183970124255232,#أخبار_مصر #egynews تهجير 3582 أسرة يمنية في تعز ومقتل 4 مدنيين في قصف الحوثيين للمناطق السكنية… https://t.co/5YvmlOzHOt,0
718447379737874432,'Mohammed Abrini is opgepakt'  https://t.co/RcFcRaAXXj,0
719412990508994560,"I lost my heart 
when I lost my hope. 
I lost my hope
when I lost you.",0
733203188841631744,RT @AJABreaking: عاجل | رويترز: #الطائرة_المصرية_المفقودة تحطمت قبالة جزيرة كارباثوس اليونانية,0
666207248599924736,RT @MTVEnglishNews: NBC: Belgium's Ministry of Interior confirms raids in Molenbeek area of Brussels are ongoing,0
570944705791438848,"RT @Eagertobefree: تم للتو تجديد حبس زوجي #حسين_برويز 15 يوم على ذمة التحقيق من قبل قاضي التجديد
#البحرين",0
561246715462680577,START News: Terroist attacks on educational institutions; AQAM financial and material support schem... http://t.co/TVBvoGH3uo #Terrorism,0
712563055738007553,OMG!!! 😂 #PAKISTANISLAYS  https://t.co/rcJvCXpgxS,0
665294598982541312,Ongeveer 60 gijzelaars in een concertzaal in de wijk Le bataclan #Parijs,0
733370676011237378,"الأغلبية حول العالم ""يرحبون باللاجئين في بلادهم ومنازلهم"" https://t.co/BtQ29CmEk8",0
607329321901035521,Al Qaeda (JAN) beheads Daeshbags North of Aleppo https://t.co/Wv9Uon2TJv dawla dawlah khilafah baqiyah islamdevleti http://t.co/9ZgGy473cH,0
718334318192566272,"""Remember me and I will remember you!""
Quran 2:152",0
733187242030682112,"RT @Naboumerhi: إذا تأكد تحطم #الطائرة_المصرية، فكيف ولماذا؟",0
664121015505555456,"@michaeldweiss Washington allowed Mi6 to do it. Makes perfect sense, really. Ask yourself who *really* benefits from this...",0
719906152868364288,"@MartijnTonies @Hayatezzeroili discussie is goed,en ieder mens is interessant 😄",0
731617301942960128,"Eurovision is a microcosm of #EU. Denying reality, politically correct and the voting process is arbitrary.",0
794601477276889088,"RT @SlimmySlim94: NEW VLOGGITY VLOG!!!
This VLOG is fun!! Reunited with the cali boys!! Cracked some good jokes RT 
https://t.co/DHvdfRPGcq",0
712023187597467648,"البنتاغون: التحالف دمر مخازن أسلحة كيماوية تابعة لداعش في العراق
https://t.co/dMjxAaJN3l https://t.co/1HXl6KhBKx",0
711529100482060289,https://t.co/SkFPU5YuAK,0
665554413205999616,@MidIsaac im learning about what teaching or group they follow because its definitely not from the Prophet or the Quran,0
561130274226851840,Dozens of soldiers in regime forces killed and wounded in Violent clashes around Ariha: Idlib provi... http://t.co/MeSv7b9xED #Terrorism,0
712232415633268736,"Extremely sorry for #Brussels and the families, but please stop with useless prayer, religion & imperialism got us here; enter the hawks.",0
718332804610789376,"""Remember me and I will remember you!""
#Quran 2:152

""They forgot Allah so He forgot them""
#Quran 9:67",0
712216019390099456,"Bus, tram & metro services in Brussels shut down after #BrusselsAttack https://t.co/dEWHFsYSjz https://t.co/BleunrKx2u",0
720681221337059329,"Tommy Robinson Walks Free From Court, Judge Slams Police Persecution https://t.co/EaZ6ZjITsY via @BreitbartNews Tommy Robinson is a hero",0
717682964197408768,RT @muslamist: When you need to stir hatred so you use lame ass puns and photoshop stock images to make it look like more real... https://t.co/a6JgQhb9SO,0
712694995229229057,Imams in Nederland en België doe oproepen voor verdraagzaamheid.Dank jullie voor jullie bijdrage #hartverwarmend   https://t.co/aArGxRTCp3,0
794112954010599424,#اخبار_مصرegynews#  التنظيم والإدارة يتلقى اقتراحات المواطنين على لائحة الخدمة المدنية إليكترونيا… https://t.co/qECSJ3IFVd,0
565249650631118851,"RT @oklacomanche: House Republican wants to skirt Baghdad, arm the Kurds

http://t.co/ceocK07aXT
#TwitterKurds",0
665285608613498880,De #rodeduivels spelen een goede match en de nieuwe inbreng hebben meer dan hun best gedaan #BELITA #belita,0
733460612290744322,We hide behind a fake smile to mask the pain but sometimes we wish someone would look closely enough and see how broken we really are inside,0
731247108326608896,RT @nytimes: How to spend 36 hours in Amsterdam https://t.co/geVQ6AnKkM https://t.co/8YNkeosIU8,0
720642465640902656,"1 decade ago in Senegal, I was lucky enough to meet the rare talent that is @lpolgreen. So proud to see her promoted to NYT masthead today",0
719823782995582976,Two Russian military pilots killed in Syria helicopter crash https://t.co/7zl4g1UGLp,0
794365151826755584,Government acknowledges Abdi Nur's death in Syria in one court filing today. Nur one of two men charged in absentia… https://t.co/o7st0cN1vG,0
565422893119844352,قبل أن أسافر للخارج كنت أعتقد أن الإضطهاد والتمييز والعنف أحياناً ضد المسلمين والعرب صناعة قومجية إسلامجية. مع الأسف هو واقع وإعلامهم متواطئ,0
562947219645825024,"الصور قديمة 

وانصحك @2012_jnOooOn تتفرجين على اصدار #غزوة_الكرار 

وشوفي البيشمركة ماحصل لهم :) وهذه تازة حديثة",0
710133929181913088,"إنفجار في العاصمة الإيرانية طهران
https://t.co/UKjEspDlBS https://t.co/6xDbGwWSVT",0
712727603736612864,"RT @noorkust: If the world is against Afridi @SAfridiOfficial ,I am against the world. We love u man https://t.co/1JAseGqlJ9",0
719971960726372353,"مختص: تنظيف الأذن بأعواد القطن أشبه بحشو مدفع بالمتفجرات !
يُكتفى بمسح الظاهر. https://t.co/CFHpr9x4HY",0
663134814183276544,@sunnysingh_nw3 When weekend entertainment is at its worst... Not that it's been great even with no Halloween theme on...,0
791903373792378880,"Rebel shelling kills children at school in west Aleppo: government, monitor https://t.co/NIupadYLL0 #CPVTS",0
731219515313426435,Real Madrid rouwt om in Irak vermoorde fans https://t.co/VEVvPVPdbE #RealMadrid via @telegraaf,0
712271430638034944,RT @jamesmenendez: Busy @bbcnewshour as you'd expect - not much time to tweet - but v good analysis on #Brussels from @gordoncorera and @ShirazMaher coming up,0
794817322334752768,"RT @ajamubaraka: The War on Terror has done nothing but create failed states, massive refugee crises & more terrorist organizations. #NoMoreWar #SteinBaraka",0
662619741312393216,RT @Ro_ro_000: 😂😂😂متتتت https://t.co/tIUfoPHS1l,0
561133564083716096,Tweeting the Jihad: Social Media Networks of Western Foreign Fighters in Syria and Iraq: Journ... http://t.co/EVdXeRXJVG #Radicalisation,0
794197448717635588,"رزكار عبيد: يقتصر عمل اغلب المنظمات على ساعات محددة فيما تعمل مؤسسة البارزاني الخيرية على مدار اليوم
#الموصل https://t.co/V1VT8T40x2",0
666035838766211072,"Following the #ParisAttacks, Erdogan is walking around the conference rooms in Antalya like a leper. 

#G20 #G20Turkey",0
731655307403907072,"@JettGoldsmith Easy to find, forgive but as a matter of principle I don't name people. Check around you can't miss them.",0
665671196273467392,@FoRelate van jou geleerd,0
794565516249755648,"@Rushman07 I am in a solid blue state, I am not wasting my vote on red or blue, you do understand the electoral college?",0
663468267994898432,More airstrikes target areas in the countryside of Hama: Hama Province: Warplanes believed to be Ru... https://t.co/da1aLY9iSL #Terrorism,0
734406619170279424,"Langs het pad van het leven blijf ik soms staan , heel even om daarna in gedachten verzonken verder te gaan.",0
733573522346233856,"#يعلون: أبلغت رئيس الوزراء أنني مستقيل من الحكومة والكنيست وسآخذ استراحة من الحياة السياسية لعدم ثقتي في تصرفاته
https://t.co/F1oj3HiWo3",0
712583472209141760,"RT @JasmijndeKoon: @achahbarmo Kwamen nooit in een #Moskee, #blowden en pleegden #roofovervallen vóór ze overgingen tot terreur: #Moslims? denkhetniethé?",0
792777174126366721,"@stick631 @MichaelSSmithII Acc to Future Works by al-Qaeda's ext ops chief, Lone Wolf attacks are meant 2fill hole bet catastrophic attacks",0
793119232435314688,@UKIPNFKN can you explain this then? https://t.co/8jTodIL6gG,0
712662677823336448,British Surfing Instructor Dies In Bali https://t.co/5F2etqUDFm,0
563309279575146496,"سبحان ﷲ وبحمده عدد خلقه ورضا نفسه و زِنة عرشه ومداد كلماته.
3 مرات",0
718030573583740928,Your Islam doesn't stop when you go to work or school and spend time around friends. Be a Muslim everywhere.,0
793301542866608128,Oh Allah! help strengthen us and allow us to be into positions of power to help others.,0
665681202662219776,RT @MahirZeynalov: Our front page tomorrow. We condemn terrorism - in 13 languages. https://t.co/5txt4V02bX,0
572031163868434434,"RT @netanyahu: I am deeply and genuinely concerned for the security of all Israelis, for the fate of the nation, and for the fate of our people.",0
733780473843945472,"It's easy to forget that after a couple of days like these, KRS-1 is often the best remedy.",0
562535187704446976,It's a mad 1st world problem that parents w/ full access to vaccines that save lives deliberately put other lives at risk by refusing them,0
733092621929877504,"#بلا_حدود | وزير الخارجية الصيني يكشف أبعاد تصاعد التوتر العسكري في بحر #الصين الجنوبي
https://t.co/FqmD1x9EU8",0
719528304202616832,RT @AleradaNews: إتحاد عمال البترول يعلن عن إضراب شامل يبدأ يوم الأحد المقبل الساعة 7 صباحاً .. #القطاع_النفطي,0
733981472483315712,RT @DreamzHammad: Pakistan Is Sinking In Debts!While IMF is Giving Instructions of Imposing Taxes on Poor #JunaidSafdarPraisesIK https://t.co/dxAstcCaI4,0
561235209157627905,@Irmak_Ye ...lead us not into temptation...,0
794168115760398336,"@Arron_banks in Aristotle:s words ""Let's start a new party with Nigel as leader and gather the 17.4million for political war""",0
712319125788495872,@PleaseVoteLeave how can they not be winning when we aren't even fighting? What's the plan Dave? Show them how upset and together we are?,0
570579022842871808,">> Ashley from Australia.
You are a Freedom fighter, a martyr and will forever live in the hearts of the Kurdish people. ):",0
561352670984679424,"The defeats in:
Kobane
Muqdadiya
Jalalwa
Duluiya
Sinune
Balad
Gwer
Ramadi
Amerli
Gwer
suggest that Allah hates #IslamicState
.
dawla dawlah",0
564471968783548418,"RT @polder_mujaahid: So their very deceptive nature gives a perfect cover for the greatest deception mankind has ever seen, the deception of the Dajjaal. (3.",0
563207549978030080,"14 fighters killed in clashes in Damascus, and the Syria helicopters  and warplanes attack areas in... http://t.co/adwsjO0K97 #Terrorism",0
712415972934684672,"RT @AmbassadorPower: Historic: @IntlCrimCourt convicts fmr DRC rebel leader & VP Bemba of atrocities committed in #CAR, focusing on crimes of sexual violence",0
733344872527233024,مسعود أوزيل يؤدي مناسك العمرة في السعودية https://t.co/F8fDLM4eTu via @rudaw_arabic,0
720333638005432323,RT @goodbyethirdway: I'm proudly supporting Bernie Sanders because his tax plan isn't remotely scary. Don't listen to the noise. https://t.co/sohD56hcZp,0
565251759103561729,RT @dhyanGYAN: @curdistani May GOD help France giving weapons and SUPPORT to the KURDS towards Victory over evil + Independent Kurdistan,0
571403948730523648,RT @thatdresscolor: I'm dying bruh 😂😂 http://t.co/OS52dUGuvZ,0
733411615991697408,RT @holland_tom: I finish @ShirazMaher's fascinating new book: the 1st I've read to offer a detailed explication of Salafi-Jihadi ideology & motivation.,0
561447811456049154,"Japan, Jordan seek news on fate of Islamic State captives http://t.co/C3L94vDPZ7 #CPVTS",0
712938789828759553,Brussels Victims Named As More Details Emerge https://t.co/S1Fhc8ogdD,0
710724979927732224,"القوات الامنية تمنع المواطنين من الاقتراب من #المنطقة_الخضراء
https://t.co/rwjzHAeNC3 https://t.co/E9uyefSolH",0
